User, User info, Review
alberto zamperetti,"Local Guide ¬∑ 38 reviews ¬∑ 5 photos","I took a night train from Mangiustau to Beyneu, arriving at 6 am. Upon disembarking, it was straightforward to find a shared taxi to the border (costing around $5-10 per person). The journey took approximately 30-40 minutes, as the road conditions were excellent and the taxi driver drove at a brisk pace. Upon reaching the border, if you are crossing on foot, you can bypass the queues quite easily. However, expect the process to take around 45 minutes to 1 hour due to various checks on both sides. After crossing the border, there are several taxis available, making it simple to arrange transportation to Nukus or Kungrad (just make sure to learn how to pronounce the city names correctly in Uzbek!). I paid $80 for the entire car ride to Nukus. While I believe I may have overpaid due to being European (which tends to inflate prices), we were in a hurry and there were two of us. However, if you're willing to wait for other passengers and share the ride, you can potentially save $20 or more each. The journey to Nukus took 8 hours and was quite intense. The old road is in a state of disrepair, while the new road is still under construction. However, the driver navigated between them as best as possible, sometimes resorting to off-road routes. It's not a relaxing trip, particularly for the first 4-5 hours.",4 months ago
hocklai ong,"4 reviews ¬∑ 2 photos","drove past yst and it was smooth. officers were polite n helpful to foreigners. we went thru at 9pm, not so hot. took less than 60min.awesome.",3 months ago
arne tober,"1 review","The crossing takes quite a while (8 hours), because people do transport a lot and their goods are officially checked. On the Kazakh side, the officers are super polite and helpful, as we entered from Uzbekistan. We, as tourists, got great support in an not fully understood procedure.",11 months ago
Franta ≈†anta,"Local Guide ¬∑ 226 reviews ¬∑ 1,048 photos","No problem when you ride motorcycle and you're a tourist :) But still, this is a border crossing in Central Asia so it is necessary evil. This one especially in its pure state... In our case, we over-took whole queue to its beginning on Kazakh side (because we were tourists, of course) so saved aprox. 3 hours of waiting.",6 years ago
Met Malducati,"7 reviews ¬∑ 1 photo","With motorcycle was good, we took a rainy day and in 3 hours we get out Kazakhstan e inside Uzbekistan...the uz police was nice and friendly...off course they permit us to skip all the vehicle line. If you get there with car gooooooood luuuck.....",7 years ago
Anubhab Dutta,"Local Guide ¬∑ 13 reviews ¬∑ 54 photos","From This Border Crossing Mia Khalifa Come To Kazakhstan üá∞üáøüòÅ ‚Ä¶",a year ago
Zake Halmet,"Local Guide ¬∑ 86 reviews ¬∑ 1,180 photos","Very bad time passing Kazakh border...From Uzbekistan very good",5 years ago
mascala sitar,"Local Guide ¬∑ 120 reviews ¬∑ 416 photos","Prechod autem. 10h. Z Kazachstanu do Uzbekistanu. Nejhorsi hranice na svete. Umyslne zdrzovani. Dokazovani moci. Korupce. Podplaceni. Drzeni lidi jako dobytek v meziprostoru 5 hodiny (vcetne malinkych deti). Chaos. Odbavili za 4h jen 20 aut na kazasske strane a za dalsich 6hodin 20 aut na Uzbecke strane. Proste se jim nechtelo delat. Katastrofa. Escape game ve sbirani bum√°≈æek. Kdyz uz vam nauctuji poplatky za prechod autem za kazdou blbost, cca 20$ (fabricke tonovani zadnich skel treba), daji vam ucet, zase jdete k jinemu okenku a zjistite, ze vam dal nizsi ucet, nez jste platili, aby si zbytek mohli nechat. Musela jsem dat jednomu pracovnikovi cigarety, aby me nechal sedet v aute s partnerem a nemusela byt 5 hodin na nohach. Absolutne nelidske zachazeni. Vyhazet cely personal a vedeni teto hranice. Uzbeci, toto je obraz vasi zeme. Prvni kontakt se statem. Pracovnici zde ziji ve vlastni zkorumpovanem state. A oni dobre vedi, ze je to jedini prechod na stovky kilometru.",2 months ago
–ê–ª–µ–∫—Å–µ–π –ö–∞—á–∞–ª–æ–≤,"Local Guide ¬∑ 17 reviews ¬∑ 8 photos","–ù–∞—á–∏—Ç–∞–≤—à–∏—Å—å –æ—Ç–∑—ã–≤–æ–≤ –ø—Ä–æ –ø—Ä–æ—Ö–æ–∂–¥–µ–Ω–∏–µ –≥—Ä–∞–Ω–∏—Ü—ã, —Ä–µ—à–∏–ª–∏ –ø—Ä–æ—Ö–æ–¥–∏—Ç—å –µ–µ –æ—á–µ–Ω—å —Ä–∞–Ω–Ω–∏–º —É—Ç—Ä–æ–º –≤ –Ω–∞–¥–µ–∂–¥–µ –ø—Ä–æ–π—Ç–∏ –±—ã—Å—Ç—Ä–µ–µ. –ù–æ—á–µ–≤–∞–ª–∏ –≤ –ë–µ–π–Ω–µ—É, –æ—Ç–∫—É–¥–∞ –µ—Ö–∞—Ç—å –µ—â—ë —á–∞—Å —Å –Ω–µ–±–æ–ª—å—à–∏–º. –í –∏—Ç–æ–≥–µ –Ω–∞ –≥—Ä–∞–Ω–∏—Ü–µ –±—ã–ª–∏ –≥–¥–µ-—Ç–æ –≤ 5:30 –ø–æ –º–µ—Å—Ç–Ω–æ–º—É. –ü–µ—Ä–µ–¥ –Ω–∞–º–∏ –±—ã–ª–æ 4 –∞–≤—Ç–æ. –ß–µ—Ä–µ–∑ –º–∏–Ω—É—Ç 15 –∑–∞–ø—É—Å—Ç–∏–ª–∏. –ö–∞–∑–∞—Ö—Å–∫—É—é –ø—Ä–æ—à–ª–∏ –¥–æ–≤–æ–ª—å–Ω–æ –±—ã—Å—Ç—Ä–æ, –Ω–∞ —É–∑–±–µ–∫—Å–∫–æ–π —Å—Ç–æ—Ä–æ–Ω–µ —á—É—Ç—å –¥–æ–ª—å—à–µ –∏–∑-–∑–∞ —Ç–æ–≥–æ, —á—Ç–æ –Ω—É–∂–Ω–æ –±—ã–ª–æ –∑–∞–ø–ª–∞—Ç–∏—Ç—å –∑–∞ —Ç–æ–Ω–∏—Ä–æ–≤–∫—É –∑–∞–¥–Ω–∏—Ö —Å—Ç–µ–∫–æ–ª, —á—Ç–æ –∑–∞–Ω—è–ª–æ –∫–∞–∫–æ–µ —Ç–æ –≤—Ä–µ–º—è. –ù–∞ —É–∑–±–µ–∫—Å–∫–æ–π —Å—Ç–æ—Ä–æ–Ω–µ –Ω–µ–æ–±—Ö–æ–¥–∏–º–æ –≤—ã—Ç–∞—Å–∫–∏–≤–∞—Ç—å –≤—Å–µ —Å—É–º–∫–∏ –∏–∑ –º–∞—à–∏–Ω—ã –∏ –ø—Ä–æ–Ω–æ—Å–∏—Ç—å —á–µ—Ä–µ–∑ —Å–∫–∞–Ω–µ—Ä, —Ç–∞–∫ —á—Ç–æ –Ω—É–∂–Ω–æ –ø–æ–ø–æ—Ç–µ—Ç—å, –µ—Å–ª–∏ —É –≤–∞—Å –∏—Ö –º–Ω–æ–≥–æ. –ù–∞ –≤—Å–µ —É—à–ª–æ –æ–∫–æ–ª–æ 2 —á–∞—Å–æ–≤, —á—Ç–æ –æ—á–µ–Ω—å –±—ã—Å—Ç—Ä–æ –¥–ª—è —ç—Ç–æ–≥–æ –ø–æ–≥—Ä–∞–Ω–ø–µ—Ä–µ—Ö–æ–¥–∞. –ü–∏—Å–∞–ª–∏ —Ä–∞–Ω—å—à–µ –ø—Ä–æ –≤—ã–º–æ–≥–∞—Ç–µ–ª—å—Å—Ç–≤–æ –¥–µ–Ω–µ–≥ (–ø–æ–¥–∞—Ä–æ—á–∫–∏), –∫–∞–∫ —è –ø–æ–Ω—è–ª, –Ω–∞ –ö–∞–∑–∞—Ö—Å–∫–æ–π —Å—Ç–æ—Ä–æ–Ω–µ, –º—ã –Ω–µ —Å—Ç–æ–ª–∫–Ω—É–ª–∏—Å—å, –≤—Å–µ –≥–æ–≤–æ—Ä—è—Ç, —á—Ç–æ —É –Ω–∏—Ö –ø—Ä–æ–≤–æ–¥–∏—Ç—Å—è —Ä–µ–∫–æ–Ω—Å—Ç—Ä—É–∫—Ü–∏—è, –º–æ–∂–µ—Ç –±—É–¥—É—Ç —É–ª—É—á—à–µ–Ω–∏—è –ø–æ —Å—Ä–∞–≤–Ω–µ–Ω–∏—é —Å —Ç–µ–º, —á—Ç–æ –±—ã–ª–æ —Ä–∞–Ω—å—à–µ. –î–æ—Ä–æ–≥–∞ –ø–æ—Å–ª–µ - –ø–æ–ª–Ω—ã–π —É–∂–∞—Å, —Ç–∞–∫–æ–π –º—ã –µ—â—ë –Ω–µ –≤—Å—Ç—Ä–µ—á–∞–ª–∏ –≤ –Ω–∞—à–∏—Ö –º–Ω–æ–≥–æ—á–∏—Å–ª–µ–Ω–Ω—ã—Ö –ø–æ–µ–∑–¥–∫–∞—Ö. –ß–∞—Å—Ç–æ –ø—Ä–∏—Ö–æ–¥–∏–ª–æ—Å—å –µ—Ö–∞—Ç—å –ø–æ —Å—Ç–µ–ø–∏ –≤ –ø–µ—Å–æ—á–Ω–æ–π –ø—ã–ª–∏, –≥–¥–µ —É–∂–µ –ø—Ä–æ–ª–æ–∂–µ–Ω–æ –Ω–µ—Å–∫–æ–ª—å–∫–æ –ø–æ–ª–æ—Å, –≤—ã–±–∏—Ä–∞–π –ª—é–±—É—é. –î–æ—Ä–æ–≥–∞ –¥–æ –ö—É–Ω–≥—Ä–∞–¥–∞ –∑–∞–Ω—è–ª–∞ 10 —á–∞—Å–æ–≤. –ù–æ–≤–∞—è –¥–æ—Ä–æ–≥–∞ —Å—Ç—Ä–æ–∏—Ç—Å—è –∏ –Ω–µ–∫–æ—Ç–æ—Ä—ã–µ —Ç–∞–∫—Å–∏—Å—Ç—ã —É–∂–µ –ø–æ –Ω–µ–π –µ–∑–¥—è—Ç, –∫—Ç–æ –∑–Ω–∞–µ—Ç, –∫–∞–∫ —Ç—É–¥–∞ –∑–∞–µ—Ö–∞—Ç—å.",5 months ago
Some One,"Local Guide ¬∑ 16 reviews ¬∑ 31 photos","–ö–∞–∑–∞—Ö–∞–º 0 –∑–≤–µ–∑–¥ –∏–∑ –ø—è—Ç–∏. –≠—Ç–æ –ø—Ä–æ—Å—Ç–æ —É–∂–∞—Å–Ω—ã–π –ø–æ—Å—Ç! –ï—Ö–∞–ª —Å–æ —Å—Ç–æ—Ä–æ–Ω—ã –£–∑–±–µ–∫–∏—Å—Ç–∞–Ω–∞ –≤ –ö–∞–∑–∞—Ö—Å—Ç–∞–Ω. –°–æ —Å—Ç–æ—Ä–æ–Ω—ã –£–∑–±–µ–∫–∏—Å—Ç–∞–Ω–∞ –ø—Ä–æ–ø—É—Å–Ω–∞—è —Å–ø–æ—Å–æ–±–æ–Ω–æ—Å—Ç—å –Ω–µ–≤—ã—Å–æ–∫–∞—è, –Ω–æ –æ–Ω–∏ –∑–Ω–∞—é—Ç —Å–≤–æ–µ –¥–µ–ª–æ –∏ —Å–∞–º –ø—Ä–æ—Ü–µ—Å—Å –ø–µ—Ä–µ—Å–µ—á–µ–Ω–∏—è –≥—Ä–∞–Ω–∏—Ü—ã –ø—Ä–æ—Ö–æ–¥–∏—Ç –±—ã—Å—Ç—Ä–æ. –ö–∞–∑–∞—Ö–∏ –∂–µ –ø—Ä–æ—Å—Ç–æ –∫–∞–∫ –∫ —Å–∫–æ—Ç—É –æ—Ç–Ω–æ—Å—è—Ç—Å—è. –°–ø–µ—Ä–≤–∞ –≤–∞—Å –≤ —Å—Ç–æ–π–ª–æ –∑–∞–≥–æ–Ω—è—é—Ç –≤—Å–µ–º "—Å—Ç–∞–¥–æ–º", –∞ –ø–æ—Ç–æ–º —ç—Ç–æ "—Å—Ç–∞–¥–æ" –≥–æ–Ω—è—Ç –≤ –û–î–ù–û —Ä–∞–±–æ—Ç–∞—é—â–µ–µ –æ–∫–Ω–æ, –≥–¥–µ –≤–∞–∂–Ω—ã–π —Ç–∞–º–æ–∂–µ–Ω–Ω–∏–∫ —Å—Ç–∞–≤–∏—Ç –ø–µ—á–∞—Ç–∏. –î—É–º–∞–µ—Ç–µ, —á—Ç–æ —ç—Ç–æ –≤—Å–µ? –ù–µ—Ç, –ø–æ—Å–ª–µ —ç—Ç–æ–≥–æ –≤–∞–º –Ω—É–∂–Ω–æ –∏—Å–∫–∞—Ç—å –Ω–∞—á–∞–ª—å–Ω–∏–∫–∞ —Ç–∞–º–æ–∂–Ω–∏, –∫–æ—Ç–æ—Ä—ã–π —Å –≤–∞–∂–Ω—ã–º –≤–∏–¥–æ–º –ø–æ—Å—ã–ª–∞–µ—Ç –≤–∞—Å –≤ –¥—Ä—É–≥–æ–µ –æ–∫–Ω–æ, –≥–¥–µ –Ω—É–∂–Ω–æ –µ—â–µ —á—Ç–æ-—Ç–æ –æ–±—ä—è—Å–Ω—è—Ç—å, –Ω–æ, –≤–∏–¥–∏–º–æ, –ª—é–¥–∏ —Ç–∞–º —Ä–∞–±–æ—Ç–∞—é—Ç –Ω–µ —Å–∞–º—ã–µ —Å–æ–æ–±—Ä–∞–∑–∏—Ç–µ–ª—å–Ω—ã–µ, —Ç–æ –æ–±—è—Å–Ω—è—Ç—å –ø—Ä–∏—Ö–æ–¥–∏—Ç—Å—è –¥–æ–ª–≥–æ. –ò –ª–∞–¥–Ω–æ –±—ã —è –≤–µ–∑ –≥—Ä—É–∑ –∫—É–¥–∞-—Ç–æ, —Ç–∞–∫ –Ω–µ—Ç –∂–µ - —è –æ–±—ã—á–Ω—ã–π —Ç—É—Ä–∏—Å—Ç –Ω–∞ –º–∞—à–∏–Ω–µ. –ö—Ä–æ–º–µ—à–Ω—ã–π –∞–¥ –∏ –¥–µ—Ä–µ–≤–Ω—è. –°–∞–º –ø–æ—Å—Ç –≥—Ä—è–∑–Ω—ã–π, –≤–æ–∫—Ä—É–≥ —Å—Ç–µ–ø–∏, –∞ –ø–æ –Ω–∏–º –ª–µ—Ç–∞—é—Ç –ø–∞–∫–µ—Ç—ã. –≠—Ç–æ –∫–∞–∫–æ–π-—Ç–æ —Å—Ä–µ–¥–Ω–µ–≤–µ–∫–æ–≤—ã–π —É–∂–∞—Å.",a year ago
Nik Ther,"Local Guide ¬∑ 44 reviews ¬∑ 19 photos","–í—ã–¥–µ—Ä–∂–∫–∏ –∏ –¢–µ—Ä–ø–µ–Ω–∏—è —Ç–æ–º—É –∫—Ç–æ —Ä–µ—à–∏–ª—Å—è –ø–µ—Ä–µ—Å–µ—á—å –∑–¥–µ—Å—å –≥—Ä–∞–Ω–∏—Ü—É. –û—á–µ—Ä–µ–¥—å, —Ç–æ–ª–∫–æ—Ç–Ω—è –∏ –Ω–µ —Ä–∞–∑–±–µ—Ä–∏—Ö–∞. –í–Ω–∞—á–∞–ª–µ –¥–æ–ª–≥–æ —Å—Ç–æ–∏—à—å –≤ –æ–¥–Ω–æ –æ–∫–Ω–æ, –∑–∞—Ç–µ–º –æ–∫–∞–∑—ã–≤–∞–µ—Ç—Å—è –Ω—É–∂–Ω–æ –µ—â–µ –ø–æ—Å—Ç–∞–≤–∏—Ç—å –∫–∞–∫—É—é —Ç–æ, —Ç–æ–ª—å–∫–æ –∏–º –≤–µ–¥–∞–Ω–Ω—É—é, –ø–µ—á–∞—Ç—å –≤ –¥—Ä—É–≥–æ–º –æ–∫–Ω–µ –Ω–∞—Ö–æ–¥—è—â–µ–µ—Å—è —Å –¥—Ä—É–≥–æ–π —Å—Ç–æ—Ä–æ–Ω—ã –∑–¥–∞–Ω–∏—è, –∑–∞—Ç–µ–º –µ—â–µ –∏ –µ—â—ë –∑–∞ –¥–≤–µ—Ä—å—é –±–µ–∑ —Ç–∞–±–ª–∏—á–∫–∏. –ù–µ—Å–∫–æ–ª—å–∫–æ —á–∞—Å–æ–≤ –æ–∂–∏–¥–∞–Ω–∏—è –Ω–∞ –∂–∞—Ä–µ –ø–æ–¥ –ø–∞–ª—è—â–∏–º —Å–æ–ª–Ω—Ü–µ–º.",a year ago
Vladimir Razzhivaykin,"4 reviews","–ñ–∞–ª—å –Ω–µ–ª—å–∑—è –ø–æ—Å—Ç–∞–≤–∏—Ç—å –º–∏–Ω—É—Å. –ó–∞–≥–Ω–∞–ª–∏ –∫–∞–∫ —Å–∫–æ—Ç –≤ –æ—Ç—Å—Ç–æ–π–Ω–∏–∫ –∏ —É–∂–µ –±–æ–ª–µ–µ 4—Ö —á–∞—Å–æ–≤ –Ω–∏–∫–∞–∫–∏—Ö –¥–≤–∏–∂–µ–Ω–∏–π. –ü—Ä–∏ —ç—Ç–æ–º –ø–∞—Å—Å–∞–∂–∏—Ä—ã –ø—Ä–æ—Ö–æ–¥—è—Ç –æ—Ç–¥–µ–ª—å–Ω–æ –∏ –¥–æ–ª–∂–Ω—ã –∂–¥–∞—Ç—å –≤—Å–µ —ç—Ç–æ –≤—Ä–µ–º—è –º–∞—à–∏–Ω—É –Ω–∞ —É–ª–∏—Ü–µ",a year ago
Bekhzodbek Egamberdiyev,"5 reviews ¬∑ 2 photos","Soska bb yatbdi billa dim zaybal atibardi,mazgini sikadila blat quri zb jalla",a month ago
–ö–∏—Ä–∏–ª–ª –ö–∞–≤–æ–∫–∏–Ω,"2 reviews","–ü–æ–≥—Ä–∞–Ω–∏—á–Ω–∏–∫–∏ —ç—Ç–æ–≥–æ –ø–æ–≥—Ä–∞–Ω–ø—É–Ω–∫—Ç–∞ —Ç–æ–ª–∫–∞—é—Ç –ª—é–¥–µ–π, –∫—Ä–∏—á–∞—Ç –Ω–∞ –Ω–∏—Ö, –∫–∞–∫ –±—É–¥—Ç–æ —ç—Ç–æ ,,—Ä–∞–±—ã‚Äô‚Äô, –∞ –Ω–∞ —É–ª–∏—Ü–µ —Å—Ä–µ–¥–Ω–µ–≤–µ–∫–æ–≤—å–µ. –°–æ—Ç—Ä—É–¥–Ω–∏–∫, –ø–æ—Å–ª–µ –ø—Ä–æ—Å—Ç–∞–≤–ª–µ–Ω–∏—è –ø–µ—á–∞—Ç–∏ —Å –ø—Ä–µ–∑—Ä–∏—Ç–µ–ª—å–Ω—ã–º –≤–∏–¥–æ–º –ö–ò–ù–£–õ(–Ω–µ –ø–æ–ª–æ–∂–∏–ª ) –ø–∞—Å–ø–æ—Ä—Ç –Ω–∞ —Å—Ç–æ–ª. –í—ã–µ–∑–∂–∞–ª –∏–∑ –ö–∞–∑–∞—Ö—Å—Ç–∞–Ω–∞ –≤ –Ω–æ—á—å —Å 6 –Ω–∞ 7 –∏—é–Ω—è 2023–≥.",a year ago
Fadis Shakirov,"10 reviews ¬∑ 8 photos","–ì–æ—Å–ø–æ–¥–∞, –µ—Å–ª–∏ –≤—ã —Ö–æ—Ç–∏—Ç–µ –ø–µ—Ä–µ—Å–µ—á—å –¥–∞–Ω–Ω—ã–π –ø–æ—Å—Ç –±—ã—Å—Ç—Ä–æ - –µ–¥–∏–Ω—Å—Ç–≤–µ–Ω–Ω—ã–π —Å–ø–æ—Å–æ–± —ç—Ç–æ –º–æ—Ç–æ—Ü–∏–∫–ª! –Ø –ø—Ä–æ–µ—Ö–∞–ª –¥–∞–Ω–Ω—ã–π –ø–æ—Å—Ç –∑–∞ —á–∞—Å\–¥–≤–∞ –∏ —Ç–æ —Ç–æ–ª—å–∫–æ –∏–∑ –∑–∞ —Ç–æ–≥–æ —á—Ç–æ –ø–æ–ø—É—Å—Ç—É –Ω–µ –∑–Ω–∞–ª –≤—Å–µ–π –ø—Ä–æ—Ü–µ–¥—É—Ä—ã –∏ –∫—É—á–∏ –ø—Ä–æ—Å—Ç–∏—Ç–µ —Å–±—Ä–æ–¥–∞ –∏ –Ω–µ—Ä–∞–∑–±–µ—Ä–∏—Ö–∏. –ù—É–∂–Ω–æ –≥–æ–≤–æ—Ä–∏—Ç—å —á—Ç–æ —Ç—ã —Ç—É—Ä–∏—Å—Ç –∏ –ø—É—Ç–µ—à–µ—Å—Ç–≤–µ–Ω–Ω–∏–∫ –∏ –Ω–µ —Å—Ç–µ—Å–Ω—è—Ç—å—Å—è! –°—Ä–∞–∑—É –Ω–∞ –≥—Ä–∞–Ω–∏—Ü–µ –£–∑–±–µ–∫–∏—Å—Ç–∞–Ω–∞ –µ—Å—Ç—å —Ö–æ—Ä–æ—à–∞—è –Ω–æ—á–ª–µ–∂–∫–∞ –∑–∞ 50 —Ç. —Å—É–º–æ–≤ –∏ –æ—Ç–ª–∏—á–Ω—ã–π –ø–æ–ª—É—Ä–µ—Å—Ç–æ—Ä–∞–Ω! –ú–µ–Ω—è–ª—ã –µ—Å—Ç—å –∫–∞–∫ –ø—Ä–∞–≤–∏–ª–æ –≤ —Ä–µ—Å—Ç–æ—Ä–∞–Ω–µ! –ù–µ –º–µ–Ω—è–π—Ç–µ –¥–µ–Ω—å–≥–∏ —É —Å–±—Ä–æ–¥–∞. Gentlemen, if you want to cross this post quickly - the only way is a motorcycle! I drove this post for an hour or two and then only because I did not know the whole procedure and the heap forgive the rancor and the confusion. Need to say that you are a tourist and a traveler and do not be shy! Immediately on the border of Uzbekistan there is a good night-lodge for 50 tons of soums and an excellent half-restaurant! money speculative is usually in the restaurant! Do not change money at the rabble.",7 years ago
Èï∑Â¥é‰ø°‰πü,"4 reviews","Ëá™ÂÆ∂Áî®Ëªä„ÅîÂà©Áî®„ÅÆÊó•Êú¨‰∫∫„ÅÆÊñπ„ÅØÈñ¢Á®éÂêåÁõü„ÅÆÁ®ÆÈ°û„Çí„ÇÇ„Çâ„Å£„Å¶‰∏ã„Åï„ÅÑ„ÄÇ „Ç∂„É´ÂõΩÂ¢É„Å™„ÅÆ„ÅßÂá∫ÂõΩ„ÅÆÂ†¥ÂêàÂøÖË¶Å„Å´„Å™„Çä„Åæ„Åô„ÄÇ",6 years ago
Okami 404,"1 review","–ü–æ–∑–æ—Ä –∏ —É–∂–∞—Å. –ö–æ—à–º–∞—Ä–Ω—ã–µ —Å–æ—Ç—Ä—É–¥–Ω–∏–∫–∏. –ë—É–¥—Ç–æ —Å –ø–æ–º–æ–π–∫–∏ –Ω–∞–±—Ä–∞–ª–∏ —Ä–∞–±–æ—Ç–Ω–∏–∫–æ–≤",9 months ago
Ruslan Ergashev,"Local Guide ¬∑ 24 reviews ¬∑ 4 photos","–í—Ä–æ–¥–µ –≤—Å–µ –º—É—Å—É–ª—å–º–∞–Ω–µ –Ω–æ –æ–¥–Ω–∏ –≤–∑—è—Ç—å–∫–∏ –¥—É–º–∞–π—Ç–µ –ø–æ–∂–∞–ª—É–π—Å—Ç–∞ –æ–± —Å—É–¥–Ω–æ–π –¥–µ–Ω—å!!! –û—á–µ–Ω—å —Ç—Ä—É–¥–Ω–æ –±—É–¥–µ—Ç –æ—Ç–≤–µ—Ç–∏—Ç—å.üòîüòîüòî ‚Ä¶",a year ago
–û–ª—å,"5 reviews ¬∑ 3 photos","–°—Ç–æ—è–ª–∏ –±–æ–ª–µ–µ 12 —á–∞—Å–æ–≤ –¥–ª—è –≤—ä–µ–∑–¥–∞ –≤ –£–∑–±–µ–∫–∏—Å—Ç–∞–Ω. –ì—Ä—è–∑—å, –º—É—Å–æ—Ä...",3 years ago
Andy J,"Local Guide ¬∑ 20 reviews ¬∑ 5 photos","–ê–¥ —ç—Ç–æ –Ω–µ –ø–æ–≥—Ä–∞–Ω–∏—á–Ω—ã–π –ø—É–Ω–∫—Ç, –∞ –¥–æ—Ä–æ–≥–∞ –¥–æ –Ω–µ–≥–æ –æ—Ç –ë–µ–π–Ω–µ—É.",5 years ago
Alex Kumik,"4 reviews ¬∑ 3 photos","–û—á–µ–Ω—å –º–µ–¥–ª–µ–Ω–Ω–æ —Ä–∞–±–æ—Ç–∞–µ—Ç.–†–∞–∑–æ–≥–Ω–∞—Ç—å...",11 months ago
–ê–∑–∏–∑–±–µ–∫ –ë–∞—Ö—Ä–æ–º–æ–≤,"Local Guide ¬∑ 11 reviews ¬∑ 4 photos","–ü–ª–æ—Ö–æ —Ä–∞–±–æ—Ç–∞–µ—Ç –µ—Å—Ç—å –ö–æ—Ä—Ä—É–ø—Ü–∏—è",a year ago
Kuanysh BAYBAKTY,"Local Guide ¬∑ 969 reviews ¬∑ 6,751 photos","–¥”ô—Ä–µ—Ç—Ö–∞–Ω–∞ –∂–æ“õ. –∞–π–Ω–∞–ª–∞—Å—ã “õ–æ“õ—ã—Å “õ–æ“õ—ã—Å",5 years ago
Kos_,"Local Guide ¬∑ 29 reviews ¬∑ 21 photos","–ü—Ä–æ–ø—É—Å–∫–Ω–∞—è —Å–ø–æ—Å–æ–±–Ω–æ—Å—Ç—å 20 –º–∞—à–∏–Ω –≤ —Å—É—Ç–∫–∏!!!!",9 years ago
–ü–∞–≤–µ–ª –ö–∞—à–∏—Ü–∫–∏–π,"3 reviews","–≠—Ç–æ –ø—Ä–æ—Å—Ç–æ –Ω–µ–≤–æ–∑–º—É—Ç–∏–º–æ –∫–∞–º–µ–Ω–Ω—ã–π –≤–µ–∫ –≤ –ø–æ–ª–Ω–æ–º –ø—Ä–æ—è–≤–ª–µ–Ω–∏–∏",6 years ago
kiril petrov,"8 reviews ¬∑ 10 photos","—Ç–æ–≤–∞ –µ –≥—Ä–∞–Ω–∏—Ü–∞—Ç–∞ –º–µ–∂–¥—É –∫–∞–∑–∞–∫—Å—Ç–∞–Ω –∏ —É–∑–±–µ–∫–∏—Å—Ç–∞–Ω",10 years ago
LEVINHO FANS,"1 review","–°–∞–º—ã–π —É–∂–∞—Å–Ω—ã–π –ø–æ—Å—Ç, –Ω–µ —Å–æ–≤–µ—Ç—É—é!",2 years ago
–°–¢–†–ê–ù–´ –ï–í–†–ê–ó–ò–ò,"6 reviews ¬∑ 9 photos","–ù–µ –≤–µ–∂–ª–∏–≤—ã –ø–æ–≥—Ä–∞–Ω–∏—á–Ω–∏–∫–∏",3 years ago
offensive _,"12 reviews","–∫–æ—Ä—Ä—É–º–ø–∏—Ä–æ–≤–∞–Ω–Ω—ã–π –ø–æ–≥—Ä–∞–Ω–∏—á–Ω—ã–π –ø—É–Ω–∫—Ç, (–ø—Ä–æ—Å—Ç–æ —É–∂–∞—Å!",5 years ago
Azizbek Maxmudov,"Local Guide ¬∑ 11 reviews ¬∑ 20 photos","üëç ‚Ä¶",10 months ago
–°–∞–æ–¥–∞—Ç –•–∞–π–¥–∞—Ä–æ–≤–∞,"2 reviews","–°–∞–º—ã–π –±–∞—Ä–¥–∞—á–Ω—ã–π –ø–æ—Å—Ç",7 years ago
–í–∏–∫—Ç–æ—Ä –ö—Ä—É—á–∫–æ–≤—Å–∫–∏–π,"Local Guide ¬∑ 42 reviews ¬∑ 24 photos","–ú–µ–¥–ª–µ–Ω–Ω—ã–π –ø—Ä–æ–ø—É—Å–∫",2 years ago
–ò—Å—Ñ–∞–Ω–¥–∏—ë—Ä –ò—Å–∏–∫,"Local Guide ¬∑ 11 reviews","–û—á–µ–Ω—å –∫–æ—Ä—É–º–ø–∏—Ä–æ–≤–∞–Ω–Ω–∞—è —Å—Ç—Ä–∞–Ω–∞.",5 years ago
Muxammad Tuxsanov,"4 reviews ¬∑ 2 photos","",7 months ago
Recep Bostan,"27 reviews ¬∑ 20 photos","",9 months ago
–î—É—Å—Ç–º—É—Ä–æ–¥ –û—Ç–∞–º—É—Ä–æ–¥–æ–≤,"1 photo","",10 months ago
Ulmasov Ilhom,"1 review ¬∑ 10 photos","",11 months ago
Multi videos Channel,"Local Guide ¬∑ 7 reviews ¬∑ 11 photos","",a year ago
–î–∞–≤—Ä–æ–Ω,"Local Guide ¬∑ 38 reviews ¬∑ 20 photos","",4 years ago
,"","",5 years ago
Botirjon Ergashev,"4 photos","",5 years ago
O ªktam Bekjonov,"2 reviews","",5 years ago
,"","",5 years ago
–î–∞—Ä—Ö–∞–Ω –ú–î–ö,"Local Guide ¬∑ 4 reviews ¬∑ 39 photos","",6 years ago
–•–∞–Ω 88,"1 review","",6 years ago
funny world,"2 reviews ¬∑ 4 photos","",7 years ago
–î–∞—É—Ä–µ–Ω –ë–∞–π–º—É–¥–∏–Ω–æ–≤,"2 reviews","",8 years ago
Shox Amir,"1 review","",9 years ago
