рЃАрЃљрЃќрЃдрЃЋрЃљрЃарЃў рЃЮрЃарЃўрЃЋрЃћ рЃЏрЃ«рЃарЃўрЃЊрЃљрЃю рЃАрЃљрЃЎрЃЏрЃљрЃЮрЃЊ рЃЎрЃљрЃарЃњрЃў рЃЊрЃљ рЃАрЃгрЃарЃљрЃцрЃўрЃљ, рЃЌрЃБ рЃцрЃћрЃ«рЃўрЃЌ рЃЏрЃЮрЃЊрЃўрЃ«рЃљрЃарЃЌ, рЃЏрЃљрЃњрЃарЃљрЃЏ рЃАрЃљрЃерЃўрЃюрЃћрЃџрЃў рЃюрЃљрЃгрЃўрЃџрЃўрЃљ рЃњрЃќрЃљ рЃДрЃљрЃќрЃљрЃ«рЃћрЃЌрЃўрЃЊрЃљрЃю рЃБрЃќрЃЉрЃћрЃЎрЃћрЃЌрЃўрЃАрЃЎрЃћрЃю рЃњрЃљрЃЊрЃљрЃЎрЃЋрЃћрЃЌрЃўрЃА рЃерЃћрЃЏрЃЊрЃћрЃњ. рЃДрЃЋрЃћрЃџрЃљрЃќрЃћ рЃАрЃљрЃерЃўрЃюрЃћрЃџрЃў рЃњрЃќрЃљ, рЃарЃљрЃф рЃЎрЃў рЃЮрЃЊрЃћрЃАрЃЏрЃћ рЃЏрЃўрЃюрЃљрЃ«рЃљрЃЋрЃА рЃЊрЃљ рЃљрЃЏрЃўрЃА рЃњрЃљрЃЏрЃЮ рЃљрЃЏрЃЊрЃћрЃюрЃў рЃЊрЃарЃЮ рЃЊрЃљрЃњрЃГрЃўрЃарЃЊрЃћрЃЉрЃљрЃЌ рЃЏрЃўрЃА рЃњрЃљрЃбрЃљрЃарЃћрЃЉрЃљрЃА. рЃўрЃЦрЃЋрЃћ Рђд рЃАрЃ«рЃЋрЃљ
рЃњрЃџрЃБрЃЋрЃў 0peration.рЃЏрЃћрЃњрЃЮрЃЉрЃарЃБрЃџрЃў n рЃЊрЃљрЃЏрЃ«рЃЏрЃљрЃарЃћ рЃЮрЃцрЃўрЃфрЃарЃћрЃЉрЃў. рЃФрЃљрЃџрЃўрЃљрЃю рЃЎрЃћрЃЌрЃўрЃџрЃў рЃБрЃфрЃ«рЃЮрЃћрЃџрЃћрЃЉрЃўрЃА рЃЏрЃўрЃЏрЃљрЃарЃЌ. рЃЉрЃћрЃЋрЃарЃў рЃАрЃљрЃбрЃЋрЃўрЃарЃЌрЃЮ рЃЏрЃљрЃюрЃЦрЃљрЃюрЃўрЃА рЃњрЃЋрЃћрЃарЃЊрЃўрЃА рЃљрЃЋрЃџрЃўрЃЌ.
рЃњрЃќрЃљ рЃЎрЃБрЃюрЃњрЃарЃљрЃЊрЃўрЃЊрЃљрЃю рЃАрЃљрЃќрЃдрЃЋрЃарЃљрЃЏрЃЊрЃћ 250 рЃЎрЃЏ рЃарЃЌрЃБрЃџрЃўрЃљ.. рЃАрЃљрЃдрЃљрЃЏрЃЮрЃА.
рЃюрЃћрЃџрЃў рЃЉрЃўрЃГрЃћрЃЉрЃў, рЃЏрЃљрЃњрЃарЃљрЃЏ рЃДрЃљрЃќрЃљрЃ«рЃћрЃЌрЃЌрЃљрЃю рЃерЃћрЃЊрЃљрЃарЃћрЃЉрЃўрЃЌ, рЃўрЃАрЃўрЃюрЃў рЃЏрЃерЃЋрЃћрЃюрЃўрЃЋрЃарЃљрЃЊ рЃЏрЃБрЃерЃљрЃЮрЃЉрЃћрЃю! рЃЏрЃљрЃюрЃЦрЃљрЃюрЃўрЃЌ рЃњрЃљрЃЋрЃўрЃљрЃарЃћрЃЌ, рЃерЃћрЃЋрЃљрЃЏрЃЮрЃгрЃЏрЃћрЃЌ, рЃАрЃљрЃЉрЃБрЃЌрЃћрЃЉрЃў рЃерЃћрЃЋрЃљрЃЋрЃАрЃћрЃЌ рЃЊрЃљ рЃгрЃљрЃЋрЃћрЃЊрЃўрЃЌ! рЃљрЃЏ рЃДрЃЋрЃћрЃџрЃљрЃцрЃћрЃарЃА рЃЊрЃљрЃљрЃ«рЃџрЃЮрЃћрЃЉрЃўрЃЌ рЃЮрЃфрЃЊрЃљрЃљрЃЌрЃў рЃгрЃБрЃЌрЃў рЃЊрЃљрЃАрЃГрЃўрЃарЃЊрЃљ, рЃЏрЃљрЃњрЃарЃљрЃЏ рЃерЃћрЃАрЃЋрЃџрЃљрЃЏрЃЊрЃћ рЃарЃљрЃЏрЃЊрЃћрЃюрЃўрЃЏрЃћ рЃАрЃљрЃљрЃЌрЃў рЃЋрЃўрЃЊрЃћрЃЦрЃў, рЃерЃћрЃЏрЃЊрЃћрЃњ рЃЎрЃў рЃЊрЃљрЃўрЃгрЃДрЃЮ рЃДрЃљрЃќрЃљрЃ«рЃћрЃЌрЃўрЃА рЃАрЃљрЃќрЃдрЃЋрЃљрЃарЃў, рЃАрЃљрЃЊрЃљрЃф рЃБрЃЉрЃарЃљрЃџрЃЮрЃЊ рЃАрЃљрЃерЃўрЃюрЃћрЃџрЃў рЃљрЃЏрЃЉрЃћрЃЉрЃў рЃ«рЃЊрЃћрЃЉрЃЮрЃЊрЃљ.
рЃБрЃќрЃљрЃарЃЏрЃљрЃќрЃљрЃарЃў рЃарЃўрЃњрЃћрЃЉрЃў, рЃАрЃўрЃфрЃ«рЃћ/рЃЏрЃбрЃЋрЃћрЃарЃў рЃЊрЃљ рЃГрЃБрЃГрЃДрЃўрЃљрЃюрЃў. рЃЏрЃћрЃАрЃљрЃќрЃдрЃЋрЃарЃћрЃћрЃЉрЃў рЃЊрЃљ рЃЏрЃћрЃЉрЃљрЃЪрЃћрЃћрЃЉрЃў рЃюрЃћрЃџ-рЃюрЃћрЃџрЃљ рЃљрЃЎрЃћрЃЌрЃћрЃЉрЃћрЃю рЃЌрЃљрЃЋрЃўрЃљрЃюрЃЌ рЃАрЃљрЃЦрЃЏрЃћрЃА. рЃљрЃарЃљрЃюрЃљрЃўрЃарЃў рЃюрЃўрЃерЃюрЃћрЃЉрЃў рЃЊрЃљ рЃџрЃЮрЃ»рЃўрЃАрЃбрЃўрЃЎрЃљ. рЃфрЃБрЃЊрЃў рЃАрЃљрЃерЃўрЃюрЃћрЃџрЃў рЃбрЃБрЃљрЃџрЃћрЃбрЃў рЃДрЃљрЃќрЃљрЃ«рЃћрЃЌрЃўрЃА рЃЏрЃ«рЃљрЃарЃћрЃА. Рђд рЃАрЃ«рЃЋрЃљ
300 рЃЎрЃЏ-рЃќрЃћ рЃЏрЃћрЃбрЃў рЃАрЃўрЃњрЃарЃФрЃўрЃА рЃЊрЃљрЃЏрЃЦрЃљрЃюрЃфрЃЋрЃћрЃџрЃў рЃБрЃњрЃќрЃЮрЃЮрЃЉрЃўрЃА рЃарЃљрЃџрЃўрЃА рЃерЃћрЃЏрЃЊрЃћрЃњ, рЃЕрЃљрЃўрЃ«рЃЮрЃюрЃљрЃА рЃћрЃќрЃЮрЃЊрЃљрЃю рЃЎрЃљрЃАрЃарЃћрЃЉрЃўрЃЊрЃљрЃю рЃАрЃљрЃгрЃЋрЃљрЃЋрЃўрЃА рЃерЃћрЃЋрЃАрЃћрЃЉрЃљ, рЃњрЃўрЃЪрЃБрЃа рЃБрЃЊрЃљрЃЉрЃюрЃЮрЃерЃў рЃгрЃЋрЃўрЃЏрЃљ рЃЊрЃљ рЃЦрЃљрЃарЃўрЃерЃ«рЃљрЃџрЃў рЃЦрЃљрЃарЃў, рЃњрЃљрЃЊрЃљрЃАрЃљрЃАрЃЋрЃџрЃћрЃџрЃЌрЃљрЃю рЃЊрЃљрЃдрЃџрЃўрЃџрЃћрЃЉрЃў, рЃЏрЃерЃўрЃћрЃарЃў рЃЊрЃљ рЃљрЃњрЃарЃћрЃАрЃўрЃБрЃџрЃў рЃЏрЃўрЃЋрЃћрЃЊрЃўрЃЌ. рЃцрЃЮрЃарЃърЃЮрЃАрЃбрЃўрЃА рЃБрЃцрЃарЃЮрЃАрЃЏрЃљ рЃЮрЃцрЃўрЃфрЃћрЃарЃЏрЃљ рЃАрЃљрЃарЃЊрЃљрЃцрЃерЃў Рђд рЃАрЃ«рЃЋрЃљ
рЃърЃарЃўрЃюрЃфрЃўрЃърЃерЃў, рЃарЃћрЃњрЃўрЃАрЃбрЃарЃљрЃфрЃўрЃўрЃА рЃЏрЃ«рЃарЃўрЃЋ, рЃБрЃќрЃЉрЃћрЃЎрЃћрЃЌрЃўрЃА рЃЏрЃћрЃЉрЃљрЃЪрЃћрЃћрЃЉрЃў рЃюрЃЮрЃарЃЏрЃљрЃбрЃўрЃБрЃџрЃћрЃЉрЃў рЃљрЃарЃўрЃљрЃю, рЃбрЃћрЃарЃўрЃбрЃЮрЃарЃўрЃљ рЃфрЃЮрЃбрЃљ рЃГрЃБрЃГрЃДрЃўрЃљрЃюрЃўрЃљ, рЃЌрЃБ рЃљрЃЏрЃљрЃА рЃДрЃљрЃќрЃљрЃ« рЃЏрЃћрЃќрЃЮрЃЉрЃџрЃћрЃЉрЃА рЃерЃћрЃЋрЃљрЃЊрЃљрЃарЃћрЃЉрЃЌ, рЃЏрЃљрЃерЃўрЃю рЃЊрЃћрЃЊрЃљрЃЏрЃўрЃгрЃљ рЃЊрЃљ рЃфрЃљ, рЃАрЃўрЃЉрЃўрЃюрЃФрЃБрЃарЃћ рЃЊрЃўрЃЊ рЃцрЃБрЃџрЃА рЃЏрЃЮрЃўрЃЌрЃ«рЃЮрЃЋрЃА (рЃЏрЃўрЃюрЃўрЃерЃюрЃћрЃЉрЃћрЃю. рЃЊрЃљ рЃњрЃљрЃЏрЃЮрЃФрЃљрЃџрЃЋрЃљ), рЃарЃћрЃњрЃўрЃАрЃбрЃарЃљрЃфрЃўрЃљ рЃбрЃљрЃџрЃљрЃ«рЃўрЃљрЃюрЃўрЃљ
рЃ»рЃЮрЃЉрЃўрЃљ рЃўрЃЦ рЃљрЃа рЃгрЃљрЃ«рЃЋрЃўрЃЊрЃћ
р▓ФрЃљрЃџрЃўрЃљрЃю рЃфрЃБрЃЊрЃў. рЃўрЃА рЃЎрЃарЃўрЃЏрЃўрЃюрЃљрЃџрЃА рЃ░рЃњрЃљрЃЋрЃА. рЃБрЃќрЃЉрЃћрЃЎрЃћрЃЉрЃў рЃАрЃљрЃАрЃЮрЃгрЃљрЃарЃЎрЃЋрЃћрЃЌрЃўрЃџрЃюрЃў рЃљрЃарЃўрЃљрЃю рЃЌрЃљрЃЋрЃўрЃљрЃюрЃЌ рЃЦрЃЋрЃћрЃДрЃљрЃюрЃљрЃерЃў рЃДрЃЮрЃцрЃюрЃљрЃА.
рЃљрЃа рЃўрЃДрЃўрЃЊрЃЮрЃЌ SIM рЃљрЃЏ рЃЉрЃўрЃГрЃўрЃАрЃњрЃљрЃю. рЃўрЃА рЃерЃћрЃўрЃФрЃџрЃћрЃЉрЃљ рЃџрЃљрЃЏрЃљрЃќрЃљрЃЊ рЃњрЃљрЃЏрЃЮрЃўрЃДрЃБрЃарЃћрЃЉрЃЮрЃЊрЃћрЃА, рЃЏрЃљрЃњрЃарЃљрЃЏ рЃЏрЃЮрЃњрЃљрЃбрЃДрЃБрЃћрЃЉрЃЌ;)
рЃерЃћрЃАрЃљрЃюрЃўрЃерЃюрЃљрЃЋрЃў
рЃЎрЃљрЃарЃњрЃў рЃњрЃљрЃарЃЊрЃљрЃЏрЃљрЃЋрЃљрЃџрЃўрЃљ рЃЊрЃљ рЃарЃљрЃф рЃЏрЃЌрЃљрЃЋрЃљрЃарЃўрЃљ рЃЎрЃЮрЃарЃБрЃцрЃфрЃўрЃљ рЃљрЃа рЃљрЃарЃўрЃА!) рЃЎрЃљрЃарЃњрЃў, рЃЎрЃћрЃЌрЃўрЃџрЃў рЃ«рЃљрЃџрЃ«рЃў!
рЃќрЃЮрЃа
рЃЊрЃўрЃЊрЃў рЃЊрЃарЃЮ рЃћрЃџрЃўрЃА
рЃЎрЃљрЃарЃњрЃў рЃърЃЮрЃАрЃбрЃўрЃљ, рЃЏрЃљрЃњрЃарЃљрЃЏ рЃюрЃћрЃџрЃў
16 04 2023 рЃг
рЃљрЃарЃўрЃљрЃю рЃўрЃАрЃћрЃЌрЃћрЃЉрЃўрЃф, рЃЋрЃўрЃюрЃф рЃЌрЃљрЃюрЃљрЃЏрЃЊрЃћрЃЉрЃЮрЃЉрЃљрЃА рЃўрЃДрЃћрЃюрЃћрЃЉрЃА
рЃарЃћрЃњрЃўрЃАрЃбрЃарЃљрЃфрЃўрЃљ рЃюрЃћрЃџ-рЃюрЃћрЃџрЃљ рЃЏрЃўрЃЏрЃЊрЃўрЃюрЃљрЃарЃћрЃЮрЃЉрЃА.
рЃќрЃЮрЃа
рЃ»рЃљрЃарЃўрЃЏрЃљ
р▓ФрЃЋрЃўрЃарЃцрЃљрЃАрЃў рЃЦрЃЋрЃљ
р▓ФрЃљрЃџрЃўрЃљрЃю рЃЎрЃљрЃарЃњрЃў
рЃљрЃ»рЃўрЃЉрЃўрЃА рЃърЃЮрЃАрЃбрЃў
­ЪЉЇ­ЪЉЇ­ЪЉЇ­ЪЉЇ Рђд
